year,month,day,exercise,set 1 reps,set 1 weight,set 2 reps,set 2 weight,set 3 reps,set 3 weight,set 4 reps,set 4 weight
2021,12,3,Barbell hacksquat,5.0,85.0,5,80.0,5.0,75.0,0,0.0
2021,12,3,Rdls,18.0,60.0,16,60.0,15.0,60.0,0,0.0
2021,12,3,reverse nordics,12.0,0.0,12,0.0,12.0,0.0,0,0.0
2021,12,3,single leg hyper,8.0,0.0,16,0.0,14.0,0.0,0,0.0
2021,12,3,Tibialis raise,17.0,0.0,12,0.0,10.0,0.0,0,0.0
2021,12,5,Bench press,5.0,65.0,6,60.0,6.0,57.5,0,0.0
2021,12,5,Biceps,6.0,18.0,6,16.0,7.0,14.0,0,0.0
2021,12,5,dips,6.0,0.0,6,-10.0,9.0,-20.0,0,0.0
2021,12,5,Incline db press,8.0,26.0,6,26.0,7.0,24.0,0,0.0
2021,12,5,rear delt row,16.0,41.0,15,41.0,14.0,41.0,0,0.0
2021,12,5,side lateral,15.0,6.0,13,6.0,10.0,6.0,0,0.0
2021,12,7,Calves,12.0,127.0,12,118.0,10.0,109.0,0,0.0
2021,12,7,Hamstring curls,8.0,60.0,8,60.0,7.0,55.0,0,0.0
2021,12,7,leg press,4.0,82.0,6,73.0,6.0,62.0,0,0.0
2021,12,7,oblique maskin,16.0,32.0,20,25.0,20.0,25.0,0,0.0
2021,12,7,Quad extensions,16.0,68.0,12,68.0,12.0,68.0,0,0.0
2021,12,7,Sumo DL,6.0,85.0,6,85.0,6.0,85.0,0,0.0
2021,12,9,Close grip row,16.0,35.0,16,40.0,15.0,40.0,0,0.0
2021,12,9,Militärpress,5.0,42.5,5,40.0,6.0,37.5,7,35.0
2021,12,9,Single leg hyper extensions,16.0,0.0,16,0.0,16.0,0.0,0,0.0
2021,12,9,straight arm pulldown,12.0,22.0,12,22.5,10.0,22.5,0,0.0
2021,12,9,Triceps,12.0,30.0,6,30.0,10.0,25.0,0,0.0
2021,12,9,Weighted Pull ups,5.0,13.75,5,12.5,6.0,10.0,6,7.5
2021,12,11,Barbell hacksquat,5.0,90.0,6,85.0,5.0,85.0,6,80.0
2021,12,11,Rdls,16.0,60.0,16,60.0,16.0,60.0,16,60.0
2021,12,11,reverse nordics,16.0,0.0,15,0.0,15.0,0.0,0,0.0
2021,12,11,single leg hyper,22.0,0.0,22,0.0,22.0,0.0,0,0.0
2021,12,11,Tibialis raise,22.0,0.0,15,0.0,12.0,0.0,0,0.0
2021,12,13,Band curls,22.0,0.0,16,0.0,16.0,0.0,0,0.0
2021,12,13,decline push ups,9.0,0.0,7,0.0,6.0,0.0,6,0.0
2021,12,13,dips,6.0,0.0,6,0.0,5.0,0.0,0,0.0
2021,12,13,Weighted push ups,6.0,20.0,5,17.5,5.0,15.0,5,12.5
2021,12,13,wide row,16.0,19.5,16,19.5,16.0,19.5,0,0.0
2021,12,13,Y raise,12.0,5.0,12,5.0,12.0,5.0,0,0.0
2021,12,17,Axelpress,6.0,19.5,5,19.5,5.0,19.5,4,19.5
2021,12,17,Close grip row,15.0,0.0,13,0.0,12.0,0.0,0,0.0
2021,12,17,Hyper extensions,28.0,0.0,25,0.0,25.0,0.0,0,0.0
2021,12,17,straight arm pulldown,15.0,15.0,13,15.0,13.0,15.0,0,0.0
2021,12,17,Triceps,22.0,15.0,12,20.0,12.0,20.0,0,0.0
2021,12,17,Weighted Pull ups,6.0,15.0,5,15.0,5.0,12.5,5,12.5
2021,12,21,Barbell hacksquat,4.0,90.0,5,85.0,5.0,85.0,5,85.0
2021,12,21,Hyperextension,30.0,0.0,30,0.0,28.0,0.0,0,0.0
2021,12,21,Rdls,13.0,70.0,16,70.0,16.0,70.0,16,70.0
2021,12,21,reverse nordics,14.0,0.0,14,0.0,13.0,0.0,0,0.0
2021,12,21,Tibialis raise,20.0,0.0,14,0.0,11.0,0.0,0,0.0
2021,12,21,Barbell curls,10.0,35.0,10,35.0,9.0,35.0,0,0.0
2021,12,21,decline push ups,10.0,0.0,8,0.0,7.0,0.0,7,0.0
2021,12,21,dips,6.0,0.0,6,0.0,6.0,0.0,0,0.0
2021,12,21,side lateral,12.0,5.0,12,5.0,8.0,5.0,0,0.0
2021,12,21,Weighted push ups,5.0,20.0,4,17.5,4.0,15.0,4,12.5
2021,12,21,wide row,20.0,19.5,18,19.5,18.0,19.5,0,0.0
2021,12,25,ATG split squat,10.0,20.0,14,10.0,12.0,10.0,10,10.0
2021,12,25,Nordic curls,16.0,0.0,15,0.0,12.0,0.0,0,0.0
2021,12,25,Sumo DL,6.0,90.0,6,90.0,6.0,90.0,6,90.0
2021,12,25,utfall?,20.0,0.0,20,0.0,20.0,0.0,0,0.0
2021,12,27,Axelpress,5.0,40.0,6,35.0,5.0,35.0,6,30.0
2021,12,27,Close grip row,18.0,19.5,16,19.5,14.0,19.5,0,0.0
2021,12,27,Hyper extensions,25.0,10.0,25,10.0,18.0,16.0,0,0.0
2021,12,27,Overhead band Triceps,12.0,0.0,10,0.0,9.0,0.0,0,0.0
2021,12,27,straight arm pulldown,10.0,20.0,10,20.0,15.0,15.0,0,0.0
2021,12,27,Weighted Pull ups,5.0,15.0,5,15.0,4.0,12.5,4,10.0
2021,12,29,Barbell hacksquat,6.0,90.0,6,90.0,5.0,90.0,5,90.0
2021,12,29,Hyperextension,36.0,0.0,35,0.0,32.0,0.0,0,0.0
2021,12,29,Laying leg raise,20.0,0.0,18,0.0,16.0,0.0,0,0.0
2021,12,29,Rdls,16.0,80.0,15,80.0,16.0,70.0,16,70.0
2021,12,29,reverse nordics,16.0,0.0,22,0.0,12.0,0.0,0,0.0
2021,12,29,Tibialis raise,18.0,0.0,14,0.0,12.0,0.0,0,0.0
2021,12,31,Barbell curls,11.0,35.0,9,35.0,9.0,35.0,0,0.0
2021,12,31,decline push ups,8.0,0.0,6,0.0,6.0,0.0,5,0.0
2021,12,31,Machine press,13.0,40.0,10,40.0,10.0,40.0,0,0.0
2021,12,31,side lateral,16.0,10.0,16,10.0,16.0,10.0,0,0.0
2021,12,31,Weighted push ups,5.0,20.0,5,20.0,5.0,17.5,5,15.0
2021,12,31,wide row,15.0,30.0,18,30.0,16.0,30.0,0,0.0
2022,1,2,ATG split squat,10.0,20.0,8,20.0,7.0,20.0,7,20.0
2022,1,2,leg curls,16.0,5.0,12,5.0,12.0,5.0,0,0.0
2022,1,2,Sumo DL,5.0,95.0,5,95.0,5.0,90.0,5,90.0
2022,1,2,Utfall,26.0,0.0,24,0.0,24.0,0.0,0,0.0
2022,1,4,Axelpress,7.0,19.5,6,19.5,5.0,19.5,5,19.5
2022,1,4,Axelpress,9.0,30.0,7,30.0,9.0,25.0,0,0.0
2022,1,4,Overhead band Triceps,13.0,0.0,11,0.0,10.0,0.0,0,0.0
2022,1,4,Single arm Band row,30.0,0.0,24,0.0,20.0,0.0,0,0.0
2022,1,4,straight arm pulldown,9.0,20.0,16,15.0,15.0,15.0,0,0.0
2022,1,4,Weighted Chin ups,6.0,15.0,5,12.5,5.0,10.0,4,10.0
2022,1,6,Barbell hacksquat,5.0,95.0,5,95.0,5.0,95.0,5,95.0
2022,1,6,nordic curls,7.0,0.0,6,0.0,5.0,0.0,0,0.0
2022,1,6,Rdls,16.0,75.0,16,80.0,16.0,80.0,14,80.0
2022,1,6,reverse nordics,12.0,0.0,10,0.0,10.0,0.0,0,0.0
2022,1,8,Barbell curls,10.0,37.5,8,37.5,7.0,37.5,0,0.0
2022,1,8,decline push ups,9.0,0.0,8,0.0,7.0,0.0,6,0.0
2022,1,8,side lateral,10.0,3.75,6,3.75,10.0,0.0,0,0.0
2022,1,8,straight arm pulldown,13.0,15.0,12,15.0,10.0,15.0,0,0.0
2022,1,8,Weighted push ups,5.0,20.0,4,20.0,4.0,17.5,5,15.0
2022,1,8,wide row,15.0,40.0,12,35.0,15.0,30.0,0,0.0
2022,1,10,ATG split squat,11.0,20.0,9,20.0,7.0,20.0,7,20.0
2022,1,10,leg curls,7.0,10.0,13,5.0,11.0,5.0,0,0.0
2022,1,10,Sissy sqauts,6.0,0.0,6,0.0,6.0,0.0,0,0.0
2022,1,10,Sumo DL,4.0,100.0,6,95.0,6.0,95.0,6,95.0
2022,1,12,Axelpress,8.0,19.5,7,19.5,5.0,19.5,5,19.5
2022,1,12,decline press,10.0,0.0,9,0.0,8.0,0.0,0,0.0
2022,1,12,inverted row,13.0,0.0,12,0.0,12.0,0.0,0,0.0
2022,1,12,lat pulldown,15.0,50.0,10,55.0,8.0,55.0,0,0.0
2022,1,12,Overhead band Triceps,11.0,0.0,11,0.0,9.0,0.0,0,0.0
2022,1,12,Weighted Chin ups,5.5,15.0,5,12.5,5.0,10.0,4,10.0
2022,1,14,Barbell hacksquat,5.0,105.0,5,105.0,5.0,105.0,5,105.0
2022,1,14,Rdls,14.0,90.0,13,90.0,12.0,90.0,12,90.0
2022,1,14,reverse nordics,18.0,0.0,16,0.0,16.0,0.0,0,0.0
2022,1,14,single leg machine curls,6.0,5.0,6,5.0,6.0,5.0,0,0.0
2022,1,16,Barbell curls,11.0,37.5,9,37.5,8.0,37.5,0,0.0
2022,1,16,decline push ups,7.0,0.0,6,0.0,6.0,0.0,5,0.0
2022,1,16,side lateral,8.0,3.75,12,0.0,14.0,0.0,0,0.0
2022,1,16,straight arm pulldown,15.0,15.0,12,15.0,11.0,15.0,0,0.0
2022,1,16,Weighted push ups,5.0,20.0,5,17.5,5.0,15.0,4,15.0
2022,1,16,wide row,12.0,45.0,13,40.0,12.0,40.0,0,0.0
2022,1,19,ATG split squat,10.0,20.0,9,20.0,8.0,20.0,0,0.0
2022,1,19,leg curls,9.0,5.0,9,5.0,7.0,5.0,0,0.0
2022,1,19,Sissy squats,7.0,0.0,7,0.0,7.0,0.0,0,0.0
2022,1,19,Sumo DL,6.0,100.0,5,100.0,5.0,100.0,5,100.0
2022,1,21, band Triceps pushdowns,17.0,0.0,18,0.0,16.0,0.0,0,0.0
2022,1,21,Axelpress,9.0,19.5,7,19.5,5.0,19.5,5,19.5
2022,1,21,decline press,9.0,0.0,8,0.0,7.0,0.0,0,0.0
2022,1,21,inverted row,14.0,0.0,13,0.0,13.0,0.0,0,0.0
2022,1,21,lat pulldown,12.0,55.0,10,55.0,8.0,55.0,0,0.0
2022,1,21,Weighted Chin ups,6.0,15.0,5,15.0,5.0,12.5,5,10.0
2022,1,23,Barbell hacksquat,6.0,100.0,5,100.0,5.0,100.0,5,100.0
2022,1,23,Rdls,14.0,90.0,14,90.0,14.0,90.0,0,0.0
2022,1,23,reverse nordics,16.0,0.0,12,0.0,12.0,0.0,0,0.0
2022,1,23,single leg machine curls,9.0,5.0,7,5.0,6.0,5.0,0,0.0
2022,1,25,Barbell curls,9.0,40.0,8,40.0,7.0,40.0,0,0.0
2022,1,25,decline push ups,8.0,0.0,6,0.0,6.0,0.0,5,0.0
2022,1,25,side lateral,9.0,3.75,13,0.0,13.0,0.0,0,0.0
2022,1,25,straight arm pulldown,14.0,20.0,14,20.0,12.0,20.0,0,0.0
2022,1,25,Weighted push ups,6.0,20.0,5,17.5,6.0,15.0,4,15.0
2022,1,25,wide row,14.0,45.0,13,45.0,13.0,45.0,0,0.0
2022,1,28,ATG split squat,11.0,20.0,10,20.0,9.0,20.0,0,0.0
2022,1,28,leg curls,10.0,5.0,7,5.0,7.0,5.0,0,0.0
2022,1,28,Sissy squats,7.0,0.0,7,0.0,7.0,0.0,0,0.0
2022,1,28,Sumo DL,6.0,105.0,6,105.0,6.0,105.0,5,105.0
2022,1,30, band Triceps pushdowns,16.0,0.0,16,0.0,16.0,0.0,0,0.0
2022,1,30,Axelpress,6.0,22.0,4,22.0,6.0,19.5,5,19.5
2022,1,30,decline press,11.0,0.0,9,0.0,7.0,0.0,0,0.0
2022,1,30,inverted row,15.0,0.0,14,0.0,12.0,0.0,0,0.0
2022,1,30,lat pulldown,13.0,55.0,10,55.0,8.0,55.0,0,0.0
2022,1,30,Weighted Chin ups,6.0,16.25,5,15.0,5.0,13.75,5,12.5
2022,2,1,Barbell hacksquat,5.0,110.0,5,110.0,5.0,110.0,5,110.0
2022,2,1,Rdls,11.0,95.0,10,95.0,10.0,95.0,0,0.0
2022,2,1,reverse nordics,12.0,0.0,12,0.0,11.0,0.0,0,0.0
2022,2,1,single leg machine curls,10.0,5.0,8,5.0,8.0,5.0,0,0.0
2022,2,3,Barbell curls,10.0,40.0,9,40.0,7.0,40.0,0,0.0
2022,2,3,decline push ups,7.0,0.0,7,0.0,6.0,0.0,5,0.0
2022,2,3,side lateral,15.0,0.0,14,0.0,9.0,0.0,0,0.0
2022,2,3,straight arm pulldown,16.0,20.0,13,20.0,10.0,20.0,0,0.0
2022,2,3,Weighted push ups,5.0,20.0,5,17.5,5.0,15.0,5,12.5
2022,2,3,wide row,12.0,50.0,12,50.0,10.0,50.0,0,0.0
2022,2,6,ATG split squat,12.0,20.0,10,20.0,9.0,20.0,0,0.0
2022,2,6,leg curls,10.0,5.0,9,5.0,7.0,5.0,0,0.0
2022,2,6,Sissy squats,8.0,0.0,7,0.0,7.0,0.0,0,0.0
2022,2,6,Sumo DL,5.0,110.0,5,110.0,5.0,110.0,5,110.0
2022,2,7, band Triceps pushdowns,18.0,0.0,16,0.0,16.0,0.0,0,0.0
2022,2,7,Axelpress,6.0,22.0,5,22.0,6.0,19.5,5,19.5
2022,2,7,decline press,12.0,0.0,10,0.0,8.0,0.0,0,0.0
2022,2,7,inverted row,13.0,0.0,13,0.0,12.0,0.0,0,0.0
2022,2,7,lat pulldown,10.0,60.0,8,60.0,8.0,55.0,0,0.0
2022,2,7,Weighted Chin ups,6.0,16.25,5,16.25,5.0,13.75,5,12.5
2022,2,9,Barbell hacksquat,5.0,112.5,5,112.5,5.0,110.0,5,110.0
2022,2,9,Rdls,12.0,95.0,11,95.0,10.0,95.0,0,0.0
2022,2,9,reverse nordics,13.0,5.0,12,0.0,11.0,0.0,0,0.0
2022,2,9,single leg machine curls,10.0,5.0,9,5.0,9.0,5.0,0,0.0
2022,2,13,Barbell curls,8.0,42.5,6,42.5,5.0,42.5,0,0.0
2022,2,13,decline push ups,9.0,0.0,6,0.0,6.0,0.0,5,0.0
2022,2,13,side lateral,16.0,0.0,16,0.0,16.0,0.0,0,0.0
2022,2,13,straight arm pulldown,14.0,20.0,12,20.0,10.0,20.0,0,0.0
2022,2,13,Weighted push ups,4.0,20.0,6,15.0,5.0,15.0,6,12.5
2022,2,13,wide row,10.0,55.0,10,55.0,8.0,55.0,0,0.0
2022,2,15,ATG split squat,6.0,29.0,6,29.0,5.0,29.0,0,0.0
2022,2,15,leg curls,11.0,5.0,9,5.0,9.0,5.0,0,0.0
2022,2,15,Sissy squats,9.0,0.0,8,0.0,8.0,0.0,0,0.0
2022,2,15,Sumo DL,5.0,110.0,6,105.0,6.0,105.0,6,105.0
2022,2,18, band Triceps pushdowns,16.0,0.0,15,0.0,14.0,0.0,0,0.0
2022,2,18,Axelpress,6.0,22.0,5,22.0,6.0,19.5,5,19.5
2022,2,18,decline press,12.0,0.0,10,0.0,9.0,0.0,0,0.0
2022,2,18,inverted row,12.0,0.0,12,0.0,12.0,0.0,0,0.0
2022,2,18,lat pulldown,10.0,60.0,8,60.0,10.0,55.0,0,0.0
2022,2,18,Weighted Pull ups,5.0,16.25,5,15.0,5.0,13.75,5,12.5
2022,2,20,Barbell hacksquat,5.0,112.5,4,112.5,4.0,110.0,4,110.0
2022,2,20,Rdls,14.0,95.0,12,95.0,11.0,95.0,0,0.0
2022,2,20,reverse nordics,16.0,0.0,12,0.0,11.0,0.0,0,0.0
2022,2,20,single leg machine curls,10.0,5.0,9,5.0,7.0,5.0,0,0.0
2022,2,22,Barbell curls,8.0,42.5,7,42.5,6.0,42.5,0,0.0
2022,2,22,decline push ups,9.0,0.0,6,0.0,6.0,0.0,6,0.0
2022,2,22,side lateral,18.0,0.0,18,0.0,18.0,0.0,0,0.0
2022,2,22,straight arm pulldown,16.0,20.0,14,20.0,12.0,20.0,0,0.0
2022,2,22,Weighted push ups,5.0,20.0,5,20.0,5.0,17.5,4,15.0
2022,2,22,wide row,12.0,55.0,11,55.0,10.0,55.0,0,0.0
2022,2,24,ATG split squat,7.0,29.0,7,29.0,7.0,29.0,0,0.0
2022,2,24,leg curls,12.0,5.0,10,5.0,8.0,5.0,0,0.0
2022,2,24,Sissy squats,9.0,0.0,8,0.0,8.0,0.0,0,0.0
2022,2,24,Sumo DL,6.0,110.0,5,110.0,5.0,110.0,5,110.0
2022,2,26, band Triceps pushdowns,16.0,0.0,15,0.0,14.0,0.0,0,0.0
2022,2,26,Axelpress,6.0,22.0,6,22.0,4.0,22.0,6,19.5
2022,2,26,decline press,11.0,0.0,9,0.0,8.0,0.0,0,0.0
2022,2,26,lat pulldown,12.0,60.0,9,60.0,8.0,60.0,0,0.0
2022,2,26,ring Rows,11.0,0.0,11,0.0,9.0,0.0,0,0.0
2022,2,26,Weighted Pull ups,5.0,16.25,5,15.0,4.0,12.5,5,10.0
2022,2,28,Barbell hacksquat,5.0,110.0,4,110.0,4.0,105.0,4,105.0
2022,2,28,Rdls,14.0,95.0,12,95.0,12.0,95.0,0,0.0
2022,2,28,reverse nordics,14.0,0.0,12,0.0,20.0,0.0,0,0.0
2022,2,28,single leg machine curls,11.0,5.0,9,5.0,8.0,5.0,0,0.0
2022,3,2,Barbell curls,10.0,42.5,8,42.5,7.0,42.5,0,0.0
2022,3,2,decline push ups,9.0,0.0,7,0.0,6.0,0.0,6,0.0
2022,3,2,Ring push ups,6.0,5.0,5,5.0,5.0,5.0,5,0.0
2022,3,2,side lateral,21.0,0.0,21,0.0,20.0,0.0,0,0.0
2022,3,2,straight arm pulldown,16.0,20.0,14,20.0,12.0,20.0,0,0.0
2022,3,2,wide row,12.0,55.0,11,55.0,10.0,55.0,0,0.0
2022,3,4,ATG split squat,5.0,34.0,7,29.0,7.0,29.0,0,0.0
2022,3,4,Sumo DL,5.0,112.5,5,112.5,5.0,112.5,5,110.0
2022,3,6, band Triceps pushdowns,16.0,0.0,15,0.0,15.0,0.0,0,0.0
2022,3,6,Axelpress,6.0,22.0,5,22.0,7.0,19.5,6,19.5
2022,3,6,decline press,11.0,0.0,10,0.0,8.0,0.0,0,0.0
2022,3,6,lat pulldown,10.0,65.0,8,65.0,7.0,65.0,0,0.0
2022,3,6,ring Rows,11.0,0.0,11,0.0,11.0,0.0,0,0.0
2022,3,6,Weighted Pull ups,5.0,16.25,5,13.75,4.0,12.5,5,10.0
2022,3,8,Barbell hacksquat,5.0,110.0,5,110.0,5.0,110.0,5,110.0
2022,3,8,Rdls,12.0,100.0,11,100.0,11.0,100.0,0,0.0
2022,3,8,reverse nordics,16.0,0.0,14,0.0,12.0,0.0,0,0.0
2022,3,8,single leg machine curls,11.0,5.0,9,5.0,8.0,5.0,0,0.0
2022,3,10,Barbell curls,9.0,45.0,7,45.0,6.0,45.0,0,0.0
2022,3,10,decline push ups,9.0,0.0,7,0.0,6.0,0.0,6,0.0
2022,3,10,Ring push ups,5.0,10.0,5,10.0,5.0,7.5,5,5.0
2022,3,10,side lateral,20.0,0.0,20,0.0,18.0,0.0,0,0.0
2022,3,10,straight arm pulldown,10.0,0.0,10,0.0,9.0,0.0,0,0.0
2022,3,10,wide row,14.0,55.0,12,55.0,12.0,55.0,0,0.0
2022,3,12,ATG split squat,6.0,34.0,6,31.5,6.0,31.5,0,0.0
2022,3,12,leg curls,10.0,5.0,9,5.0,8.0,5.0,0,0.0
2022,3,12,Sissy squats,12.0,0.0,11,0.0,10.0,0.0,0,0.0
2022,3,12,Sumo DL,5.0,112.5,5,112.5,5.0,112.5,5,112.5
2022,3,14, band Triceps pushdowns,0.0,0.0,0,0.0,0.0,0.0,0,0.0
2022,3,14,Axelpress,8.0,0.0,7,0.0,7.0,0.0,7,0.0
2022,3,14,decline press,0.0,0.0,0,0.0,0.0,0.0,0,0.0
2022,3,14,lat pulldown,0.0,0.0,0,0.0,0.0,0.0,0,0.0
2022,3,14,ring Rows,0.0,0.0,0,0.0,0.0,0.0,0,0.0
2022,3,14,Weighted Pull ups,12.0,0.0,8,0.0,6.0,0.0,6,0.0
2022,3,17,Barbell hacksquat,5.0,112.5,5,112.5,5.0,110.0,5,110.0
2022,3,17,Rdls,13.0,100.0,12,100.0,12.0,100.0,0,0.0
2022,3,17,reverse nordics,14.0,0.0,14,0.0,12.0,0.0,0,0.0
2022,3,17,single leg machine curls,11.0,5.0,9,5.0,6.0,5.0,0,0.0
2022,3,20,Barbell curls,9.0,45.0,7,45.0,7.0,45.0,0,0.0
2022,3,20,decline push ups,9.0,0.0,7,0.0,6.0,0.0,6,0.0
2022,3,20,inverted delt row,16.0,5.0,12,7.0,12.0,7.0,0,0.0
2022,3,20,Ring push ups,5.0,10.0,5,10.0,4.0,7.5,5,5.0
2022,3,20,side lateral,20.0,0.0,16,0.0,16.0,0.0,0,0.0
2022,3,20,straight arm pulldown,8.0,25.0,14,20.0,12.0,20.0,0,0.0
2022,3,22,ATG split squat,6.0,31.5,6,31.5,5.0,31.5,0,0.0
2022,3,22,leg curls,10.0,5.0,9,5.0,8.0,5.0,0,0.0
2022,3,22,Regular DL,5.0,90.0,5,100.0,5.0,100.0,5,100.0
2022,3,22,Sissy squats,12.0,0.0,12,0.0,12.0,0.0,0,0.0
2022,3,25, band Triceps extensions,13.0,0.0,9,0.0,9.0,0.0,0,0.0
2022,3,25,Axelpress,7.0,20.0,6,20.75,4.0,20.75,4,20.75
2022,3,25,decline press,12.0,0.0,10,0.0,8.0,0.0,0,0.0
2022,3,25,lat pulldown,8.0,65.0,8,60.0,10.0,55.0,0,0.0
2022,3,25,ring Rows,12.0,0.0,11,0.0,10.0,0.0,0,0.0
2022,3,25,Weighted Pull ups,4.0,13.75,5,11.25,4.0,8.75,4,7.5
2022,3,27,beltsquat,6.0,45.0,10,45.0,7.0,45.0,7,45.0
2022,3,27,Rdls,12.0,95.0,12,90.0,12.0,90.0,0,0.0
2022,3,27,reverse nordics,16.0,0.0,14,0.0,13.0,0.0,0,0.0
2022,3,27,single leg machine curls,11.0,5.0,11,5.0,9.0,5.0,0,0.0
2022,3,29,Barbell curls,9.0,45.0,7,45.0,6.0,45.0,0,0.0
2022,3,29,decline push ups,10.0,0.0,7,0.0,6.0,0.0,6,0.0
2022,3,29,inverted delt row,13.0,0.0,12,0.0,12.0,0.0,0,0.0
2022,3,29,Ring push ups,5.0,7.5,5,6.25,5.0,5.0,4,3.75
2022,3,29,side lateral,24.0,0.0,22,0.0,22.0,0.0,0,0.0
2022,3,29,straight arm pulldown,3.0,25.0,12,20.0,10.0,20.0,0,0.0
2022,3,31,ATG split squat,6.0,31.5,6,31.5,6.0,31.5,0,0.0
2022,3,31,leg curls,9.0,5.0,8,5.0,8.0,5.0,0,0.0
2022,3,31,Regular DL,6.0,105.0,6,105.0,5.0,105.0,6,105.0
2022,4,2, band Triceps extensions,10.0,0.0,8,0.0,8.0,0.0,0,0.0
2022,4,2,Axelpress,8.0,20.0,5,20.75,5.0,20.75,4,20.75
2022,4,2,decline press,11.0,0.0,9,0.0,9.0,0.0,0,0.0
2022,4,2,lat pulldown,9.0,65.0,7,65.0,8.0,60.0,0,0.0
2022,4,2,ring Rows,12.0,0.0,11,0.0,10.0,0.0,0,0.0
2022,4,2,Weighted Pull ups,5.0,13.75,5,11.25,5.0,8.75,5,7.5
2022,4,4,back squat,6.0,60.0,7,60.0,6.0,60.0,7,60.0
2022,4,4,Rdls,14.0,90.0,13,90.0,13.0,90.0,0,0.0
2022,4,4,reverse nordics,0.0,0.0,0,0.0,0.0,0.0,0,0.0
2022,4,4,single leg machine curls,0.0,0.0,0,0.0,0.0,0.0,0,0.0
2022,4,7,Barbell benchpress,3.0,70.0,5,65.0,4.0,65.0,4,60.0
2022,4,7,Barbell curls,8.0,45.0,7,42.5,6.0,42.5,0,0.0
2022,4,7,decline push ups,11.0,0.0,7,0.0,7.0,0.0,6,0.0
2022,4,7,inverted delt row,11.0,0.0,11,0.0,11.0,0.0,0,0.0
2022,4,7,side lateral,23.0,0.0,20,0.0,20.0,0.0,0,0.0
2022,4,7,straight arm pulldown,16.0,20.0,14,20.0,13.0,20.0,0,0.0
2022,4,9,ATG split squat,8.0,31.5,7,31.5,7.0,31.5,0,0.0
2022,4,9,Regular DL,5.0,110.0,6,105.0,6.0,105.0,5,105.0
2022,4,10, band Triceps extensions,11.0,0.0,9,0.0,8.0,0.0,0,0.0
2022,4,10,decline push ups,10.0,0.0,10,0.0,9.0,0.0,0,0.0
2022,4,10,lat pulldown,9.0,65.0,8,65.0,9.0,60.0,0,0.0
2022,4,10,Militärpress,5.0,40.0,5,40.0,5.0,40.0,5,40.0
2022,4,10,ring Rows,10.0,4.0,11,3.0,11.0,0.0,0,0.0
2022,4,10,Weighted Pull ups,6.0,13.75,5,11.25,5.0,8.75,5,7.5
2022,4,14,back squat,5.0,80.0,5,80.0,5.0,80.0,5,80.0
2022,4,14,Rdls,12.0,100.0,12,100.0,11.0,100.0,0,0.0
2022,4,14,reverse nordics,16.0,0.0,16,0.0,15.0,0.0,0,0.0
2022,4,14,single leg machine curls,12.0,0.0,15,0.0,15.0,0.0,0,0.0
2022,4,16,Barbell benchpress,4.0,70.0,5,65.0,6.0,60.0,6,60.0
2022,4,16,Barbell curls,7.0,45.0,8,40.0,7.0,40.0,0,0.0
2022,4,16,inverted delt row,16.0,0.0,12,0.0,13.0,0.0,0,0.0
2022,4,16,Ring push ups,7.0,0.0,5,0.0,4.0,0.0,5,0.0
2022,4,16,side lateral,24.0,0.0,24,0.0,24.0,0.0,0,0.0
2022,4,16,straight arm pulldown,18.0,20.0,14,20.0,13.0,20.0,0,0.0
2022,4,18,ATG split squat,6.0,34.0,6,34.0,6.0,34.0,0,0.0
2022,4,18,Regular DL,5.0,115.0,5,115.0,5.0,115.0,4,115.0
2022,4,18,Sissy squats,17.0,0.0,16,0.0,10.0,10.0,0,0.0
2022,4,22, band Triceps extensions,10.0,0.0,9,0.0,9.0,0.0,0,0.0
2022,4,22,band crossover,18.0,0.0,16,0.0,15.0,0.0,0,0.0
2022,4,22,Bench press,5.0,65.0,4,65.0,5.0,60.0,5,60.0
2022,4,22,lat pulldown,9.0,65.0,8,65.0,7.0,65.0,0,0.0
2022,4,22,ring Rows,12.0,0.0,11,0.0,9.0,0.0,0,0.0
2022,4,22,Weighted Pull ups,5.0,10.0,5,10.0,5.0,5.0,5,5.0
2022,4,24,back squat,5.0,85.0,5,80.0,6.0,75.0,8,70.0
2022,4,24,Rdls,12.0,100.0,11,100.0,11.0,100.0,0,0.0
2022,4,24,reverse nordics,13.0,10.0,12,10.0,12.0,10.0,0,0.0
2022,4,24,single leg machine curls,11.0,5.0,11,5.0,10.0,5.0,0,0.0
2022,4,26,Dips,10.0,0.0,7,0.0,6.0,0.0,0,0.0
2022,4,26,Ring rows,15.0,0.0,12,0.0,8.0,0.0,0,0.0
2022,4,26,Tricep extensions,10.0,0.0,10,0.0,10.0,0.0,0,0.0
2022,4,26,side lateral,15.0,5.0,15,5.0,15.0,5.0,0,0.0
2022,4,26,Bench press (pause),4.0,65.0,5,60.0,7.0,55.0,6,55.0
2022,4,26,Lat pulldown,10.0,65.0,9,65.0,8.0,65.0,0,0.0
2022,4,28,BW ATG split squats,18.0,0.0,16,0.0,16.0,0.0,0,0.0
2022,4,28,Hamstring curls,11.0,5.0,11,5.0,10.0,5.0,0,0.0
2022,4,28,Squat (Pin),9.0,70.0,10,70.0,10.0,70.0,0,0.0
2022,4,28,Sumo DL,5.0,115.0,6,115.0,5.0,115.0,0,0.0
2022,4,30,delt row,13.0,0.0,11,0.0,11.0,0.0,0,0.0
2022,4,30,Weighted Pull ups,6.0,10.0,5,10.0,6.0,5.0,0,0.0
2022,4,30,straight arm pulldown,18.0,20.0,16,20.0,14.0,20.0,0,0.0
2022,4,30,Overhead press,6.0,40.0,7,35.0,7.0,35.0,0,0.0
2022,4,30,Barbell curls,8.0,40.0,8,40.0,7.0,40.0,0,0.0
2022,4,30,Bench press,4.0,70.0,5,65.0,6.0,60.0,6,60.0
2022,5,2,reverse nordics,16.0,10.0,14,0.0,14.0,0.0,0,0.0
2022,5,2,leg curls,10.0,5.0,7,5.0,8.0,5.0,0,0.0
2022,5,2,Backsquats,6.0,85.0,5,85.0,6.0,80.0,5,80.0
2022,5,2,Rdls,11.0,105.0,10,105.0,13.0,100.0,0,0.0
2022,5,4,Dips,10.0,0.0,9,0.0,8.0,0.0,0,0.0
2022,5,4,Ring rows,14.0,0.0,10,0.0,9.0,0.0,0,0.0
2022,5,4,Tricep extensions,15.0,0.0,12,0.0,10.0,0.0,0,0.0
2022,5,4,side lateral,16.0,5.0,15,5.0,12.0,5.0,0,0.0
2022,5,4,one arm lat pulldown,10.0,25.0,10,25.0,9.0,25.0,0,0.0
2022,5,4,Bench press (pause),4.0,65.0,5,60.0,6.0,57.5,5,57.5
2022,5,6,BW ATG split squats,20.0,0.0,18,0.0,18.0,0.0,0,0.0
2022,5,6,Hamstring curls,15.0,5.0,14,5.0,13.0,5.0,0,0.0
2022,5,6,Squat (Pin),4.0,75.0,7,70.0,8.0,65.0,0,0.0
2022,5,6,Sumo DL,5.0,120.0,5,115.0,5.0,115.0,5,115.0
2022,5,8,delt row,14.0,0.0,12,0.0,11.0,0.0,0,0.0
2022,5,8,straight arm pulldown,12.0,0.0,12,0.0,11.0,0.0,0,0.0
2022,5,8,Weighted Pull ups,6.0,10.0,5,10.0,7.0,5.0,0,0.0
2022,5,8,Barbell curls,9.0,40.0,8,40.0,7.0,40.0,0,0.0
2022,5,8,Overhead press,6.0,42.5,5,42.5,5.0,40.0,0,0.0
2022,5,8,Bench press,3.0,70.0,5,65.0,6.0,60.0,6,60.0
2022,5,10,reverse nordics,14.0,0.0,13,0.0,12.0,0.0,0,0.0
2022,5,10,leg curls,7.0,10.0,7,10.0,7.0,10.0,0,0.0
2022,5,10,Backsquats,6.0,87.5,5,87.5,6.0,85.0,5,85.0
2022,5,10,Rdls,10.0,110.0,12,105.0,12.0,105.0,0,0.0
2022,5,12,Dips,12.0,0.0,9,0.0,7.0,0.0,0,0.0
2022,5,12,Ring rows,16.0,0.0,11,0.0,10.0,0.0,0,0.0
2022,5,12,Tricep extensions,16.0,0.0,14,0.0,11.0,0.0,0,0.0
2022,5,12,side lateral,17.0,5.0,14,5.0,15.0,3.75,0,0.0
2022,5,12,one arm lat pulldown,9.0,30.0,9,30.0,8.0,30.0,0,0.0
2022,5,12,Larsen Press,5.0,65.0,8,60.0,6.0,60.0,5,60.0
2022,5,14,BW ATG split squats,22.0,0.0,20,0.0,20.0,0.0,0,0.0
2022,5,14,Hamstring curls,10.0,10.0,9,10.0,9.0,10.0,0,0.0
2022,5,14,Squat (Pin),6.0,75.0,6,75.0,6.0,75.0,0,0.0
2022,5,14,Sumo DL,5.0,120.0,4,120.0,6.0,115.0,5,115.0
2022,5,18,delt row,13.0,0.0,11,0.0,10.0,0.0,0,0.0
2022,5,18,straight arm pulldown,11.0,5.0,11,5.0,11.0,5.0,0,0.0
2022,5,18,Weighted Pull ups,7.0,10.0,6,10.0,5.0,10.0,0,0.0
2022,5,18,Barbell curls,8.0,42.5,8,40.0,7.0,40.0,0,0.0
2022,5,18,Overhead press,5.0,45.0,5,42.5,5.0,40.0,0,0.0
2022,5,18,Bench press,3.0,70.0,5,65.0,4.0,65.0,7,60.0
2022,5,20,reverse nordics,14.0,0.0,13,0.0,12.0,0.0,0,0.0
2022,5,20,leg curls,11.0,10.0,10,10.0,9.0,10.0,0,0.0
2022,5,20,Backsquats,5.0,90.0,6,85.0,6.0,85.0,5,85.0
2022,5,20,Rdls,10.0,110.0,12,105.0,12.0,105.0,0,0.0
2022,5,22,Dips,8.0,5.0,10,0.0,9.0,0.0,0,0.0
2022,5,22,Ring rows,15.0,0.0,13,0.0,12.0,0.0,0,0.0
2022,5,22,Tricep extensions,14.0,0.0,13,0.0,12.0,0.0,0,0.0
2022,5,22,side lateral,14.0,5.0,11,5.0,10.0,5.0,0,0.0
2022,5,22,one arm lat pulldown,9.0,30.0,8,30.0,8.0,30.0,0,0.0
2022,5,22,Larsen Press,5.0,67.5,7,62.5,5.0,62.5,6,60.0
2022,5,26,BW lunges,34.0,0.0,16,10.0,16.0,10.0,0,0.0
2022,5,26,Hamstring curls,12.0,10.0,11,10.0,9.0,10.0,0,0.0
2022,5,26,Squat (Pin),6.0,80.0,5,80.0,7.0,75.0,0,0.0
2022,5,26,Sumo DL,4.0,125.0,5,120.0,4.0,120.0,6,115.0
2022,5,28,delt row,13.0,0.0,11,0.0,11.0,0.0,0,0.0
2022,5,28,leg curls,0.0,0.0,0,0.0,0.0,0.0,0,0.0
2022,5,28,reverse nordics,0.0,0.0,0,0.0,0.0,0.0,0,0.0
2022,5,28,straight arm pulldown,13.0,5.0,12,5.0,10.0,5.0,0,0.0
2022,5,28,Weighted Pull ups,8.0,10.0,6,10.0,6.0,10.0,0,0.0
2022,5,28,Barbell curls,8.0,42.5,6,42.5,7.0,40.0,0,0.0
2022,5,28,Overhead press,5.0,45.0,5,42.5,6.0,40.0,0,0.0
2022,5,28,good mornings,12.0,50.0,12,50.0,12.0,50.0,0,0.0
2022,5,28,Bench press,4.0,67.5,5,65.0,5.0,62.5,5,62.5
2022,5,28,Backsquats,5.0,90.0,5,90.0,6.0,85.0,6,85.0
2022,6,2,Dips,8.0,5.0,8,0.0,6.0,0.0,0,0.0
2022,6,2,Ring rows,14.0,0.0,10,0.0,8.0,0.0,0,0.0
2022,6,2,Tricep extensions,12.0,0.0,14,0.0,13.0,0.0,0,0.0
2022,6,2,side lateral,15.0,5.0,15,5.0,14.0,5.0,0,0.0
2022,6,2,one arm lat pulldown,9.0,30.0,8,30.0,8.0,30.0,0,0.0
2022,6,2,Larsen Press,4.0,70.0,5,65.0,7.0,62.5,5,62.5
2022,6,4,Hamstring curls,11.0,10.0,10,10.0,9.0,10.0,0,0.0
2022,6,4,atg heel elevated squat,16.0,19.5,12,19.5,11.0,19.5,0,0.0
2022,6,4,Squat (Pin),7.0,80.0,7,80.0,6.0,80.0,0,0.0
2022,6,4,Sumo DL,5.0,125.0,5,120.0,5.0,120.0,6,115.0
2022,6,6,delt row,15.0,0.0,13,0.0,11.0,0.0,0,0.0
2022,6,6,straight arm pulldown,16.0,5.0,14,5.0,14.0,5.0,0,0.0
2022,6,6,Weighted Pull ups,6.0,12.5,6,10.0,6.0,10.0,0,0.0
2022,6,6,DB curls,12.0,19.5,14,17.0,16.0,14.5,0,0.0
2022,6,6,Overhead press,5.0,45.0,4,45.0,5.0,42.5,0,0.0
2022,6,6,Bench press,4.0,70.0,5,65.0,6.0,62.5,4,62.5
2022,6,8,reverse nordics,8.0,0.0,8,0.0,7.0,0.0,0,0.0
2022,6,8,leg curls,12.0,10.0,11,10.0,8.0,10.0,0,0.0
2022,6,8,good mornings,14.0,60.0,14,60.0,13.0,60.0,0,0.0
2022,6,8,Backsquats,5.0,92.5,5,90.0,6.0,85.0,6,85.0
2022,6,11,Dips,11.0,0.0,9,0.0,7.0,0.0,0,0.0
2022,6,11,Ring rows,14.0,0.0,11,0.0,10.0,0.0,0,0.0
2022,6,11,Tricep extensions,14.0,0.0,12,0.0,11.0,0.0,0,0.0
2022,6,11,side lateral,16.0,5.0,15,5.0,14.0,5.0,0,0.0
2022,6,11,one arm lat pulldown,7.0,30.0,9,25.0,9.0,25.0,0,0.0
2022,6,11,Larsen Press,4.0,70.0,5,65.0,5.0,62.5,7,57.5
2022,6,13,Hamstring curls,10.0,10.0,9,10.0,8.0,10.0,0,0.0
2022,6,13,atg heel elevated squat,14.0,22.0,12,22.0,12.0,22.0,0,0.0
2022,6,13,Squat (Pin),7.0,80.0,6,80.0,6.0,80.0,0,0.0
2022,6,13,Sumo DL,2.0,125.0,5,115.0,3.0,110.0,10,90.0
2022,6,15,delt row,13.0,0.0,11,0.0,11.0,0.0,0,0.0
2022,6,15,straight arm pulldown,8.0,10.0,16,5.0,14.0,5.0,0,0.0
2022,6,15,Weighted Pull ups,6.0,12.5,6,10.0,6.0,10.0,0,0.0
2022,6,15,DB curls,10.0,19.5,10,17.0,18.0,12.0,0,0.0
2022,6,15,push ups,6.0,20.0,5,20.0,4.0,17.5,5,15.0
2022,6,15,Overhead press,5.0,45.0,6,40.0,5.0,40.0,0,0.0
2022,6,17,reverse nordics,8.0,0.0,7,0.0,7.0,0.0,0,0.0
2022,6,17,leg curls,11.0,10.0,10,10.0,9.0,10.0,0,0.0
2022,6,17,good mornings,12.0,65.0,14,65.0,13.0,65.0,0,0.0
2022,6,17,Backsquats,6.0,90.0,5,90.0,5.0,90.0,6,85.0
2022,6,19,Dips,10.0,0.0,8,0.0,7.0,0.0,0,0.0
2022,6,19,Ring rows,15.0,0.0,12,0.0,11.0,0.0,0,0.0
2022,6,19,Tricep extensions,14.0,0.0,11,0.0,10.0,0.0,0,0.0
2022,6,19,side lateral,14.0,5.0,12,5.0,10.0,5.0,0,0.0
2022,6,19,one arm lat pulldown,8.0,30.0,11,25.0,11.0,25.0,0,0.0
2022,6,19,Bench press,5.0,65.0,6,60.0,7.0,55.0,7,55.0
2022,6,22,Hamstring curls,12.0,10.0,11,10.0,9.0,10.0,0,0.0
2022,6,22,atg heel elevated squat,16.0,22.0,14,22.0,12.0,22.0,0,0.0
2022,6,22,Squat (Pin),6.0,85.0,5,85.0,6.0,80.0,0,0.0
2022,6,22,Sumo DL,6.0,120.0,5,120.0,5.0,120.0,6,115.0
2022,6,24,delt row,14.0,0.0,11,0.0,11.0,0.0,0,0.0
2022,6,24,ring curls,7.0,0.0,6,0.0,6.0,0.0,0,0.0
2022,6,24,straight arm pulldown,8.0,10.0,7,10.0,14.0,5.0,0,0.0
2022,6,24,Weighted Pull ups,7.0,12.5,6,12.5,7.0,10.0,0,0.0
2022,6,24,push ups,7.0,20.0,5,20.0,6.0,15.0,5,15.0
2022,6,24,Overhead press,7.0,40.0,5,40.0,5.0,40.0,0,0.0
2022,6,27,reverse nordics,11.0,0.0,9,0.0,8.0,0.0,0,0.0
2022,6,27,leg curls,13.0,10.0,11,10.0,11.0,10.0,0,0.0
2022,6,27,good mornings,16.0,65.0,14,65.0,14.0,65.0,0,0.0
2022,6,27,Backsquats,5.0,95.0,5,90.0,5.0,90.0,6,85.0
2022,6,29,Dips,10.0,0.0,8,0.0,7.0,0.0,0,0.0
2022,6,29,Ring rows,15.0,0.0,13,0.0,12.0,0.0,0,0.0
2022,6,29,side lateral,14.0,5.0,12,5.0,11.0,0.0,0,0.0
2022,6,29,Tricep extensions,15.0,0.0,14,0.0,11.0,0.0,0,0.0
2022,6,29,push ups,5.0,22.5,6,20.0,5.0,20.0,5,17.5
2022,6,29,one arm lat pulldown,8.0,30.0,12,25.0,11.0,25.0,0,0.0
2022,7,1,Hamstring curls,6.0,15.0,10,10.0,10.0,10.0,0,0.0
2022,7,1,atg heel elevated squat,10.0,30.0,10,30.0,10.0,30.0,0,0.0
2022,7,1,Squat (Pin),6.0,85.0,6,85.0,5.0,85.0,0,0.0
2022,7,1,Sumo DL,5.0,125.0,5,120.0,2.0,120.0,8,110.0
2022,7,3,delt row,16.0,0.0,13,0.0,12.0,0.0,0,0.0
2022,7,3,straight arm pulldown,9.0,10.0,8,10.0,16.0,5.0,0,0.0
2022,7,3,Weighted Pull ups,6.0,15.0,5,15.0,6.0,12.5,0,0.0
2022,7,3,DB curls,7.0,17.0,6,17.0,9.0,14.5,0,0.0
2022,7,3,push ups,5.0,22.5,5,20.0,5.0,20.0,6,17.5
2022,7,3,Overhead press,5.0,42.5,6,40.0,5.0,40.0,0,0.0
2022,7,8,reverse nordics,10.0,0.0,10,0.0,10.0,0.0,0,0.0
2022,7,8,leg curls,10.0,10.0,8,10.0,7.0,10.0,0,0.0
2022,7,8,hypers,16.0,44.0,14,44.0,10.0,44.0,0,0.0
2022,7,8,Backsquats,5.0,90.0,5,90.0,5.0,90.0,5,90.0
2022,7,10,Dips,11.0,0.0,6,0.0,5.0,0.0,0,0.0
2022,7,10,Tricep extensions,10.0,0.0,9,0.0,7.0,0.0,0,0.0
2022,7,10,trx rows,14.0,0.0,10,0.0,9.0,0.0,0,0.0
2022,7,10,side lateral,12.0,5.0,10,5.0,8.0,5.0,0,0.0
2022,7,10,push ups,6.0,22.5,5,22.5,5.0,20.0,5,17.5
2022,7,10,one arm lat pulldown,9.0,30.0,9,30.0,8.0,30.0,0,0.0
2022,7,12,atg split squat,17.0,0.0,20,0.0,18.0,0.0,0,0.0
2022,7,12,Hamstring curls,6.0,15.0,9,10.0,9.0,10.0,0,0.0
2022,7,12,Squat (pause),6.0,70.0,6,70.0,6.0,70.0,0,0.0
2022,7,12,Sumo DL,5.0,125.0,5,125.0,6.0,120.0,5,120.0
2022,7,14,delt row,14.0,0.0,13,0.0,13.0,0.0,0,0.0
2022,7,14,ring push ups,7.0,0.0,5,0.0,4.0,0.0,4,0.0
2022,7,14,straight arm pulldown,9.0,10.0,8,10.0,16.0,5.0,0,0.0
2022,7,14,Weighted Pull ups,6.0,15.0,5,15.0,6.0,12.5,0,0.0
2022,7,14,DB curls,8.0,17.0,7,17.0,9.0,14.5,0,0.0
2022,7,14,Overhead press,5.0,42.5,5,42.5,6.0,40.0,0,0.0
2022,7,16,reverse nordics,9.0,0.0,9,0.0,8.0,0.0,0,0.0
2022,7,16,leg curls,11.0,10.0,9,10.0,8.0,10.0,0,0.0
2022,7,16,hypers,16.0,44.0,14,44.0,11.0,44.0,0,0.0
2022,7,16,Backsquats,5.0,95.0,5,90.0,5.0,90.0,5,90.0
2022,7,18,Dips,11.0,0.0,6,0.0,6.0,0.0,0,0.0
2022,7,18,Tricep extensions,12.0,0.0,9,0.0,7.0,0.0,0,0.0
2022,7,18,trx rows,14.0,0.0,11,0.0,9.0,0.0,0,0.0
2022,7,18,side lateral,13.0,5.0,12,5.0,10.0,5.0,0,0.0
2022,7,18,push ups,6.0,22.5,5,22.5,6.0,20.0,5,20.0
2022,7,18,one arm lat pulldown,10.0,30.0,9,30.0,9.0,30.0,0,0.0
2022,7,20,atg split squat,24.0,0.0,20,0.0,18.0,0.0,0,0.0
2022,7,20,Hamstring curls,12.0,10.0,11,10.0,10.0,10.0,0,0.0
2022,7,20,Squat (pause),5.0,80.0,5,80.0,5.0,80.0,0,0.0
2022,7,20,Sumo DL,5.0,127.5,5,125.0,6.0,120.0,6,120.0
2022,7,23,delt row,14.0,0.0,12,0.0,12.0,0.0,0,0.0
2022,7,23,ring push ups,8.0,0.0,5,0.0,5.0,0.0,4,0.0
2022,7,23,straight arm pulldown,10.0,10.0,8,10.0,16.0,5.0,0,0.0
2022,7,23,DB curls,8.0,17.0,7,17.0,9.0,14.5,0,0.0
2022,7,23,Weighted Pull ups,6.0,15.0,5,15.0,5.0,15.0,0,0.0
2022,7,23,Overhead press,6.0,42.5,5,42.5,6.0,40.0,0,0.0
2022,7,26,leg curls,11.0,10.0,10,10.0,0.0,0.0,0,0.0
2022,7,26,reverse nordics,0.0,0.0,12,0.0,0.0,0.0,0,0.0
2022,7,26,hypers,16.0,44.0,13,44.0,10.0,44.0,0,0.0
2022,7,26,Backsquats,5.0,95.0,6,90.0,5.0,90.0,5,90.0
2022,7,28,Dips,11.0,0.0,7,0.0,6.0,0.0,0,0.0
2022,7,28,Tricep extensions,10.0,0.0,10,0.0,9.0,0.0,0,0.0
2022,7,28,trx rows,15.0,0.0,11,0.0,9.0,0.0,0,0.0
2022,7,28,side lateral,12.0,5.0,12,5.0,11.0,5.0,0,0.0
2022,7,28,push ups,6.0,22.5,5,22.5,5.0,20.0,5,20.0
2022,7,28,one arm lat pulldown,10.0,30.0,9,30.0,9.0,30.0,0,0.0
2022,7,31,Hamstring curls,13.0,10.0,11,10.0,10.0,10.0,0,0.0
2022,7,31,atg heel elevated squat,8.0,44.0,8,44.0,8.0,44.0,0,0.0
2022,7,31,Squat (pause),5.0,80.0,5,80.0,5.0,80.0,0,0.0
2022,7,31,Sumo DL,5.0,127.5,5,125.0,6.0,120.0,5,120.0
2022,8,2,delt row,15.0,0.0,12,0.0,12.0,0.0,0,0.0
2022,8,2,ring push ups,8.0,0.0,5,0.0,5.0,0.0,5,0.0
2022,8,2,straight arm pulldown,10.0,10.0,9,10.0,8.0,10.0,0,0.0
2022,8,2,DB curls,8.0,17.0,7,17.0,9.0,14.5,0,0.0
2022,8,2,Weighted Pull ups,6.0,15.0,5,15.0,5.0,15.0,0,0.0
2022,8,2,Overhead press,5.0,45.0,5,42.5,6.0,40.0,0,0.0
2022,8,4,reverse nordics,13.0,0.0,12,0.0,10.0,0.0,0,0.0
2022,8,4,leg curls,12.0,10.0,10,10.0,9.0,10.0,0,0.0
2022,8,4,hypers,15.0,44.0,13,44.0,12.0,44.0,0,0.0
2022,8,4,Backsquats,5.0,95.0,5,95.0,5.0,90.0,5,90.0
2022,8,6,Dips,10.0,0.0,7,0.0,6.0,0.0,0,0.0
2022,8,6,Tricep extensions,11.0,0.0,10,0.0,10.0,0.0,0,0.0
2022,8,6,trx rows,14.0,0.0,9,0.0,9.0,0.0,0,0.0
2022,8,6,side lateral,14.0,5.0,12,5.0,12.0,5.0,0,0.0
2022,8,6,push ups,6.0,20.0,5,20.0,6.0,15.0,6,15.0
2022,8,6,one arm lat pulldown,10.0,30.0,9,30.0,9.0,30.0,0,0.0
2022,8,8,atg heel elevated squat,,,0,0.0,0.0,0.0,0,0.0
2022,8,8,Hamstring curls,,,0,0.0,0.0,0.0,0,0.0
2022,8,8,Squat (pause),5.0,80.0,5,80.0,5.0,80.0,0,0.0
2022,8,8,Sumo DL,6.0,115.0,5,115.0,6.0,100.0,6,100.0
2022,8,10,delt row,15.0,0.0,13,0.0,13.0,0.0,0,0.0
2022,8,10,ring push ups,8.0,0.0,6,0.0,5.0,0.0,5,0.0
2022,8,10,straight arm pulldown,10.0,10.0,10,10.0,9.0,10.0,0,0.0
2022,8,10,DB curls,8.0,17.0,7,17.0,9.0,14.5,0,0.0
2022,8,10,Weighted Pull ups,6.0,15.0,6,15.0,5.0,15.0,0,0.0
2022,8,10,Overhead press,5.0,45.0,5,42.5,6.0,40.0,0,0.0
2022,8,12,leg curls,13.0,10.0,13,10.0,10.0,10.0,0,0.0
2022,8,12,leg extensions,15.0,25.0,14,25.0,13.0,25.0,0,0.0
2022,8,12,Backsquats,5.0,95.0,5,95.0,6.0,90.0,5,90.0
2022,8,12,Rdls,12.0,100.0,11,100.0,12.0,90.0,0,0.0
2022,8,15,band crossover,20.0,0.0,20,0.0,19.5,0.0,0,0.0
2022,8,15,one arm lat pulldown,0.0,0.0,0,0.0,0.0,0.0,0,0.0
2022,8,15,push ups,14.0,0.0,12,0.0,10.0,0.0,9,0.0
2022,8,15,side lateral,0.0,0.0,0,0.0,0.0,0.0,0,0.0
2022,8,15,Tricep extensions,0.0,0.0,0,0.0,0.0,0.0,0,0.0
2022,8,15,trx rows,15.0,0.0,11,0.0,9.0,0.0,0,0.0
2022,8,19,Hamstring curls,15.0,10.0,8,15.0,7.0,15.0,0,0.0
2022,8,19,atg heel elevated squat,10.0,44.0,9,44.0,8.0,44.0,0,0.0
2022,8,19,Squat (pause),5.0,80.0,5,80.0,5.0,75.0,0,0.0
2022,8,19,Sumo DL,4.0,120.0,5,110.0,5.0,110.0,5,105.0
2022,8,21,delt row,18.0,0.0,14,0.0,12.0,0.0,0,0.0
2022,8,21,ring push ups,9.0,0.0,7,0.0,4.5,0.0,4,0.0
2022,8,21,straight arm pulldown,10.0,10.0,9,10.0,9.0,10.0,0,0.0
2022,8,21,DB curls,8.0,14.5,7,14.5,6.0,14.5,0,0.0
2022,8,21,Weighted Pull ups,6.0,15.0,6,15.0,5.0,15.0,0,0.0
2022,8,21,Overhead press,2.0,45.0,7,40.0,6.0,40.0,0,0.0
2022,8,23,leg curls,9.0,15.0,8,15.0,7.0,15.0,0,0.0
2022,8,23,leg extensions,14.0,30.0,12,30.0,11.0,30.0,0,0.0
2022,8,23,Backsquats,5.0,95.0,5,85.0,5.0,85.0,5,80.0
2022,8,23,Rdls,12.0,100.0,14,90.0,11.0,90.0,0,0.0
2022,8,25,Dips,10.0,0.0,7,0.0,5.0,0.0,0,0.0
2022,8,25,Tricep pushdowns,12.0,0.0,11,0.0,11.0,0.0,0,0.0
2022,8,25,trx rows,10.0,10.0,8,10.0,9.0,0.0,0,0.0
2022,8,25,side lateral,13.0,5.0,12,5.0,11.0,5.0,0,0.0
2022,8,25,push ups,7.0,20.0,6,20.0,5.0,20.0,5,20.0
2022,8,25,one arm lat pulldown,10.0,30.0,9,30.0,9.0,30.0,0,0.0
2022,8,28,atg heel elevated squat,0.0,0.0,0,0.0,0.0,0.0,0,0.0
2022,8,28,Hamstring curls,0.0,0.0,0,0.0,0.0,0.0,0,0.0
2022,8,28,Squat (pause),5.0,75.0,5,75.0,5.0,75.0,0,0.0
2022,8,28,Sumo DL,3.0,115.0,5,110.0,7.0,100.0,6,100.0
2022,8,30,delt row,12.0,5.0,12,5.0,13.0,0.0,0,0.0
2022,8,30,ring push ups,9.0,0.0,6,0.0,5.0,0.0,4,0.0
2022,8,30,straight arm pulldown,11.0,10.0,10,10.0,9.0,10.0,0,0.0
2022,8,30,DB curls,9.0,14.5,8,14.5,7.0,14.5,0,0.0
2022,8,30,Weighted Pull ups,6.0,15.0,6,15.0,5.0,15.0,0,0.0
2022,8,30,Overhead press,5.0,42.5,5,42.5,5.0,40.0,0,0.0
2022,9,2,leg curls,9.0,15.0,8,15.0,7.0,15.0,0,0.0
2022,9,2,leg extensions,10.0,35.0,12,30.0,11.0,30.0,0,0.0
2022,9,2,Backsquats,5.0,90.0,5,85.0,5.0,85.0,5,80.0
2022,9,2,Rdls,12.0,90.0,12,90.0,10.0,90.0,0,0.0
2022,9,4,Dips,9.0,0.0,6,0.0,5.0,0.0,0,0.0
2022,9,4,Tricep extensions,10.0,0.0,10,0.0,10.0,0.0,0,0.0
2022,9,4,trx rows,10.0,10.0,8,10.0,9.0,0.0,0,0.0
2022,9,4,side lateral,12.0,5.0,11,5.0,10.0,5.0,0,0.0
2022,9,4,push ups,5.0,22.5,5,20.0,4.0,20.0,7,10.0
2022,9,4,one arm lat pulldown,11.0,30.0,9,30.0,8.0,30.0,0,0.0
2022,9,6,atg heel elevated squat,0.0,0.0,0,0.0,0.0,0.0,0,0.0
2022,9,6,Hamstring curls,0.0,0.0,0,0.0,0.0,0.0,0,0.0
2022,9,6,Squat (pause),5.0,75.0,5,75.0,5.0,75.0,0,0.0
2022,9,6,Sumo DL,1.0,120.0,6,105.0,5.0,105.0,5,105.0
2022,9,8,delt row,13.0,5.0,11,5.0,13.0,0.0,0,0.0
2022,9,8,ring push ups,8.0,0.0,7,0.0,6.0,0.0,5,0.0
2022,9,8,chin ups,5.0,10.0,6,7.5,5.0,7.5,0,0.0
2022,9,8,straight arm pulldown,11.0,10.0,10,10.0,9.0,10.0,0,0.0
2022,9,8,DB curls,10.0,14.5,7,14.5,7.0,14.5,0,0.0
2022,9,8,Overhead press,6.0,42.5,5,42.5,6.0,40.0,0,0.0
2022,9,11,leg curls,10.0,15.0,7,15.0,7.0,15.0,0,0.0
2022,9,11,leg extensions,12.0,35.0,11,35.0,10.0,35.0,0,0.0
2022,9,11,hypers,16.0,44.0,12,44.0,10.0,44.0,0,0.0
2022,9,11,Backsquats,5.0,90.0,5,85.0,5.0,85.0,6,80.0
2022,9,13,Dips,10.0,0.0,7,0.0,6.0,0.0,0,0.0
2022,9,13,Tricep extensions,11.0,0.0,10,0.0,9.0,0.0,0,0.0
2022,9,13,trx rows,13.0,10.0,8,10.0,8.0,0.0,0,0.0
2022,9,13,side lateral,13.0,5.0,12,5.0,12.0,5.0,0,0.0
2022,9,13,push ups,6.0,22.5,5,22.5,4.0,20.0,6,15.0
2022,9,13,one arm lat pulldown,7.0,35.0,10,30.0,9.0,30.0,0,0.0
2022,9,15,BW hypers,22.0,0.0,20,0.0,20.0,0.0,0,0.0
2022,9,15,atg heel elevated squat,9.0,44.0,9,44.0,8.0,44.0,0,0.0
2022,9,15,Squat (pause),5.0,80.0,5,75.0,5.0,75.0,0,0.0
2022,9,15,Sumo DL,3.0,120.0,5,110.0,5.0,110.0,6,105.0
2022,9,18,delt row,13.0,10.0,9,10.0,9.0,0.0,0,0.0
2022,9,18,ring push ups,9.0,0.0,6,0.0,5.0,0.0,4,0.0
2022,9,18,chin ups,6.0,10.0,5,10.0,6.0,7.5,0,0.0
2022,9,18,straight arm pulldown,11.0,10.0,10,10.0,7.0,10.0,0,0.0
2022,9,18,DB curls,10.0,14.5,8,14.5,7.0,14.5,0,0.0
2022,9,18,Overhead press,6.0,42.5,4,42.5,5.0,40.0,0,0.0
2022,9,20,leg curls,11.0,15.0,7,15.0,7.0,15.0,0,0.0
2022,9,20,leg extensions,10.0,40.0,11,35.0,10.0,35.0,0,0.0
2022,9,20,hypers,15.0,44.0,13,44.0,10.0,44.0,0,0.0
2022,9,20,Backsquats,5.0,85.0,5,85.0,5.0,80.0,5,80.0
2022,9,23,Dips,10.0,0.0,6,0.0,5.0,0.0,0,0.0
2022,9,23,Tricep extensions,11.0,0.0,9,0.0,9.0,0.0,0,0.0
2022,9,23,trx rows,11.0,15.0,8,10.0,8.0,0.0,0,0.0
2022,9,23,side lateral,13.0,5.0,13,5.0,12.0,5.0,0,0.0
2022,9,23,push ups,6.0,22.5,5,22.5,5.0,20.0,5,20.0
2022,9,23,one arm lat pulldown,7.0,35.0,10,30.0,9.0,30.0,0,0.0
2022,9,26,atg heel elevated squat,0.0,0.0,0,0.0,0.0,0.0,0,0.0
2022,9,26,delt row,13.0,10.0,10,10.0,12.0,0.0,0,0.0
2022,9,26,Hamstring curls,0.0,0.0,0,0.0,,0.0,0,0.0
2022,9,26,ring push ups,9.0,0.0,7,0.0,5.0,0.0,5,0.0
2022,9,26,pull ups*,7.0,10.0,6,10.0,5.0,10.0,0,0.0
2022,9,26,straight arm pulldown,11.0,10.0,10,10.0,9.0,10.0,0,0.0
2022,9,26,DB curls,10.0,14.5,8,14.5,8.0,14.5,0,0.0
2022,9,26,Overhead press,6.0,42.5,5,42.5,5.0,40.0,0,0.0
2022,9,26,Squat (pause),5.0,80.0,5,75.0,5.0,75.0,0,0.0
2022,9,26,Sumo DL,4.0,120.0,6,110.0,5.0,110.0,6,105.0
2022,9,30,leg curls,0.0,0.0,0,0.0,0.0,0.0,0,0.0
2022,9,30,leg extensions,0.0,0.0,0,0.0,0.0,0.0,0,0.0
2022,9,30,hypers,16.0,44.0,13,44.0,10.0,44.0,0,0.0
2022,9,30,Backsquats,5.0,90.0,5,85.0,5.0,85.0,5,80.0
2022,10,4,Dips,11.0,0.0,7,0.0,6.0,0.0,0,0.0
2022,10,4,Tricep extensions,10.0,0.0,9,0.0,8.0,0.0,0,0.0
2022,10,4,trx rows,12.0,15.0,8,10.0,9.0,0.0,0,0.0
2022,10,4,side lateral,15.0,5.0,14,5.0,12.0,5.0,0,0.0
2022,10,4,push ups,6.0,22.5,5,22.5,5.0,20.0,5,20.0
2022,10,4,one arm lat pulldown,7.0,35.0,10,30.0,9.0,30.0,0,0.0
2022,10,6,atg heel elevated squat,0.0,0.0,0,0.0,0.0,0.0,0,0.0
2022,10,6,Hamstring curls,0.0,0.0,0,0.0,0.0,0.0,0,0.0
2022,10,6,Squat (pause),5.0,80.0,6,75.0,5.0,75.0,0,0.0
2022,10,6,Sumo DL,5.0,120.0,5,115.0,5.0,110.0,6,105.0
2022,10,9,delt row,13.0,10.0,10,10.0,15.0,0.0,0,0.0
2022,10,9,ring push ups,9.0,0.0,6,0.0,5.0,0.0,5,0.0
2022,10,9,straight arm pulldown,14.0,0.0,13,0.0,14.0,0.0,0,0.0
2022,10,9,chin ups,6.0,10.0,6,10.0,5.0,10.0,0,0.0
2022,10,9,DB curls,9.0,14.5,8,14.5,8.0,14.5,0,0.0
2022,10,9,Overhead press,6.0,42.5,5,42.5,5.0,40.0,0,0.0
2022,10,12,hypers,25.0,0.0,25,0.0,25.0,0.0,0,0.0
2022,10,12,good mornings,16.0,60.0,15,60.0,14.0,60.0,0,0.0
2022,10,12,Backsquats,5.0,90.0,5,85.0,5.0,85.0,6,80.0
2022,10,14,Dips,11.0,0.0,7,0.0,6.0,0.0,0,0.0
2022,10,14,Lat pulldown,20.0,0.0,16,0.0,16.0,0.0,0,0.0
2022,10,14,Tricep extensions,10.0,0.0,10,0.0,9.0,0.0,0,0.0
2022,10,14,trx rows,11.0,15.0,10,10.0,10.0,0.0,0,0.0
2022,10,14,side lateral,15.0,5.0,14,5.0,12.0,5.0,0,0.0
2022,10,14,push ups,5.0,22.5,5,22.5,5.0,20.0,5,17.5
2022,10,16,Squat (pause),5.0,75.0,5,75.0,5.0,75.0,0,0.0
2022,10,16,Sumo DL,5.0,120.0,6,110.0,5.0,110.0,6,105.0
2022,10,18,delt row,16.0,0.0,13,0.0,12.0,0.0,0,0.0
2022,10,18,ring push ups,9.0,0.0,6,0.0,5.0,0.0,5,0.0
2022,10,18,chin ups,6.0,10.0,6,10.0,5.0,10.0,0,0.0
2022,10,18,DB curls,9.0,14.5,8,14.5,7.0,14.5,0,0.0
2022,10,18,pullover,10.0,14.5,10,14.5,10.0,14.5,0,0.0
2022,10,18,Overhead press,6.0,42.5,5,42.5,5.0,40.0,0,0.0
2022,10,20,good mornings,16.0,60.0,16,60.0,15.0,60.0,0,0.0
2022,10,20,Backsquats,5.0,90.0,5,85.0,5.0,85.0,6,80.0
2022,10,22,bw pullups,8.0,0.0,8,0.0,8.0,0.0,0,0.0
2022,10,22,Dips,11.0,0.0,6,0.0,5.0,0.0,0,0.0
2022,10,22,Tricep extensions,10.0,0.0,9,0.0,9.0,0.0,0,0.0
2022,10,22,trx rows,13.0,10.0,10,10.0,10.0,0.0,0,0.0
2022,10,22,side lateral,15.0,5.0,13,5.0,12.0,5.0,0,0.0
2022,10,22,push ups,5.0,22.5,5,22.5,5.0,20.0,7,10.0
2022,10,24,atg heel elevated squat,0.0,0.0,0,0.0,0.0,0.0,0,0.0
2022,10,24,Hamstring curls,0.0,0.0,0,0.0,0.0,0.0,0,0.0
2022,10,24,barbell hacksquat,6.0,80.0,5,90.0,5.0,90.0,0,0.0
2022,10,24,Sumo DL,5.0,110.0,4,120.0,5.0,110.0,6,105.0
